id;login;first_name;last_name;email;activated;lang_key
1;overreact bah extremely;Roger;Upton;"\J@Qq3b.iGe$z";true;boo deserted sans
2;when stage ouch;Raphael;Wilderman;"a\*h@.!i.(T";false;yowza
3;and;Forrest;Howell;"W2K5@lg.'pwY";true;reboot
4;arrogantly kissingly godfather;Fredy;Pfannerstill;"xb$x@0.bs";true;so
5;morbidity see;Bridget;Stark;"`@L[s.1.e";true;boohoo
6;um headline;Michel;Heller;"BmDs@P.&gE";true;indeed
7;yearningly caring valiantly;Camden;Parker-Wyman;"2@Ie.A.O>YS";true;break ha
8;before;Ola;Price;"1(D@2R.+";false;bug likely pessimistic
9;yum yahoo;Braxton;Kerluke;"5_~a0&@[uCF=.?,+U";true;injunction
10;which how;Nora;Dickinson;"[)1Mi@Ne|.]>";false;amidst hidden
